{"cameraMode":{"drawMode":0,"name":"Shaded","section":"Shading Mode"},"sceneLighting":false,"audioPlay":false,"sceneViewState":{"m_AlwaysRefresh":false,"showFog":true,"showSkybox":true,"showFlares":true,"showImageEffects":true,"showParticleSystems":true,"showVisualEffectGraphs":true,"m_FxEnabled":true},"in2DMode":false,"pivot":{"x":375.59063720703127,"y":20.883464813232423,"z":1404.6783447265625},"rotation":{"x":0.01925288327038288,"y":-0.980116069316864,"z":0.11244114488363266,"w":0.16318760812282563},"size":0.8660253882408142,"orthographic":false}